﻿population,trait,value
A,antenna.length,0.225
A,antenna.length,0.205
A,antenna.length,0.222
A,antenna.length,0.214
A,antenna.length,0.212
A,antenna.length,0.214
A,antenna.length,0.231
A,antenna.length,0.212
A,antenna.length,0.211
A,antenna.length,0.238
A,antenna.length,0.221
A,antenna.length,0.216
A,antenna.length,0.211
A,antenna.length,0.236
A,antenna.length,0.21
A,antenna.length,0.235
A,antenna.length,0.202
A,antenna.length,0.211
A,antenna.length,0.209
A,antenna.length,0.22
A,antenna.length,0.201
A,antenna.length,0.206
A,antenna.length,0.23
A,antenna.length,0.224
A,antenna.length,0.24
A,antenna.length,0.22
A,antenna.length,0.218
A,antenna.length,0.204
A,antenna.length,0.234
A,antenna.length,0.229
A,antenna.length,0.228
A,antenna.length,0.239
A,antenna.length,0.22
A,antenna.length,0.208
A,antenna.length,0.237
A,antenna.length,0.206
A,antenna.length,0.226
A,antenna.length,0.221
A,antenna.length,0.21
A,antenna.length,0.218
A,antenna.length,0.226
A,antenna.length,0.224
A,antenna.length,0.211
A,antenna.length,0.232
A,antenna.length,0.215
A,antenna.length,0.217
A,antenna.length,0.24
A,antenna.length,0.222
A,antenna.length,0.22
A,antenna.length,0.227
B,antenna.length,0.212
B,antenna.length,0.227
B,antenna.length,0.211
B,antenna.length,0.214
B,antenna.length,0.231
B,antenna.length,0.233
B,antenna.length,0.208
B,antenna.length,0.215
B,antenna.length,0.237
B,antenna.length,0.203
B,antenna.length,0.231
B,antenna.length,0.24
B,antenna.length,0.228
B,antenna.length,0.224
B,antenna.length,0.214
B,antenna.length,0.201
B,antenna.length,0.233
B,antenna.length,0.211
B,antenna.length,0.228
B,antenna.length,0.238
B,antenna.length,0.202
B,antenna.length,0.209
B,antenna.length,0.227
B,antenna.length,0.21
B,antenna.length,0.221
B,antenna.length,0.219
B,antenna.length,0.229
B,antenna.length,0.211
B,antenna.length,0.205
B,antenna.length,0.221
B,antenna.length,0.221
B,antenna.length,0.237
B,antenna.length,0.225
B,antenna.length,0.229
B,antenna.length,0.213
B,antenna.length,0.212
B,antenna.length,0.213
B,antenna.length,0.207
B,antenna.length,0.219
B,antenna.length,0.23
B,antenna.length,0.226
B,antenna.length,0.212
B,antenna.length,0.204
B,antenna.length,0.238
B,antenna.length,0.222
B,antenna.length,0.234
B,antenna.length,0.201
B,antenna.length,0.233
B,antenna.length,0.213
B,antenna.length,0.213
A,leg.length,0.347
A,leg.length,0.351
A,leg.length,0.355
A,leg.length,0.358
A,leg.length,0.356
A,leg.length,0.352
A,leg.length,0.356
A,leg.length,0.347
A,leg.length,0.363
A,leg.length,0.335
A,leg.length,0.371
A,leg.length,0.38
A,leg.length,0.365
A,leg.length,0.352
A,leg.length,0.333
A,leg.length,0.374
A,leg.length,0.347
A,leg.length,0.371
A,leg.length,0.359
A,leg.length,0.35
A,leg.length,0.359
A,leg.length,0.371
A,leg.length,0.363
A,leg.length,0.353
A,leg.length,0.366
A,leg.length,0.375
A,leg.length,0.355
A,leg.length,0.341
A,leg.length,0.354
A,leg.length,0.333
A,leg.length,0.37
A,leg.length,0.377
A,leg.length,0.345
A,leg.length,0.341
A,leg.length,0.364
A,leg.length,0.362
A,leg.length,0.363
A,leg.length,0.335
A,leg.length,0.361
A,leg.length,0.371
A,leg.length,0.351
A,leg.length,0.348
A,leg.length,0.35
A,leg.length,0.354
A,leg.length,0.378
A,leg.length,0.372
A,leg.length,0.377
A,leg.length,0.359
A,leg.length,0.345
A,leg.length,0.347
B,leg.length,0.362
B,leg.length,0.331
B,leg.length,0.369
B,leg.length,0.375
B,leg.length,0.368
B,leg.length,0.374
B,leg.length,0.332
B,leg.length,0.341
B,leg.length,0.369
B,leg.length,0.36
B,leg.length,0.365
B,leg.length,0.356
B,leg.length,0.362
B,leg.length,0.349
B,leg.length,0.357
B,leg.length,0.352
B,leg.length,0.349
B,leg.length,0.353
B,leg.length,0.354
B,leg.length,0.341
B,leg.length,0.341
B,leg.length,0.345
B,leg.length,0.359
B,leg.length,0.373
B,leg.length,0.349
B,leg.length,0.35
B,leg.length,0.332
B,leg.length,0.38
B,leg.length,0.373
B,leg.length,0.33
B,leg.length,0.379
B,leg.length,0.36
B,leg.length,0.371
B,leg.length,0.342
B,leg.length,0.346
B,leg.length,0.35
B,leg.length,0.368
B,leg.length,0.374
B,leg.length,0.34
B,leg.length,0.33
B,leg.length,0.372
B,leg.length,0.347
B,leg.length,0.377
B,leg.length,0.35
B,leg.length,0.379
B,leg.length,0.364
B,leg.length,0.36
B,leg.length,0.371
B,leg.length,0.369
B,leg.length,0.378
A,eye.size,0.053
A,eye.size,0.052
A,eye.size,0.053
A,eye.size,0.055
A,eye.size,0.052
A,eye.size,0.051
A,eye.size,0.052
A,eye.size,0.055
A,eye.size,0.05
A,eye.size,0.053
A,eye.size,0.055
A,eye.size,0.054
A,eye.size,0.055
A,eye.size,0.055
A,eye.size,0.053
A,eye.size,0.054
A,eye.size,0.055
A,eye.size,0.053
A,eye.size,0.052
A,eye.size,0.052
A,eye.size,0.053
A,eye.size,0.053
A,eye.size,0.052
A,eye.size,0.053
A,eye.size,0.05
A,eye.size,0.055
A,eye.size,0.055
A,eye.size,0.051
A,eye.size,0.052
A,eye.size,0.05
A,eye.size,0.054
A,eye.size,0.05
A,eye.size,0.054
A,eye.size,0.052
A,eye.size,0.05
A,eye.size,0.055
A,eye.size,0.051
A,eye.size,0.051
A,eye.size,0.055
A,eye.size,0.05
A,eye.size,0.055
A,eye.size,0.051
A,eye.size,0.054
A,eye.size,0.054
A,eye.size,0.053
A,eye.size,0.054
A,eye.size,0.051
A,eye.size,0.054
A,eye.size,0.055
A,eye.size,0.051
B,eye.size,0.052
B,eye.size,0.054
B,eye.size,0.054
B,eye.size,0.051
B,eye.size,0.055
B,eye.size,0.053
B,eye.size,0.052
B,eye.size,0.054
B,eye.size,0.053
B,eye.size,0.051
B,eye.size,0.052
B,eye.size,0.053
B,eye.size,0.051
B,eye.size,0.053
B,eye.size,0.053
B,eye.size,0.055
B,eye.size,0.054
B,eye.size,0.054
B,eye.size,0.05
B,eye.size,0.052
B,eye.size,0.05
B,eye.size,0.052
B,eye.size,0.055
B,eye.size,0.051
B,eye.size,0.052
B,eye.size,0.051
B,eye.size,0.054
B,eye.size,0.051
B,eye.size,0.05
B,eye.size,0.053
B,eye.size,0.054
B,eye.size,0.053
B,eye.size,0.052
B,eye.size,0.053
B,eye.size,0.05
B,eye.size,0.054
B,eye.size,0.053
B,eye.size,0.055
B,eye.size,0.051
B,eye.size,0.05
B,eye.size,0.053
B,eye.size,0.051
B,eye.size,0.052
B,eye.size,0.051
B,eye.size,0.051
B,eye.size,0.052
B,eye.size,0.054
B,eye.size,0.054
B,eye.size,0.055
B,eye.size,0.054
A,thorax.size,0.503
A,thorax.size,0.496
A,thorax.size,0.508
A,thorax.size,0.513
A,thorax.size,0.487
A,thorax.size,0.492
A,thorax.size,0.5
A,thorax.size,0.484
A,thorax.size,0.488
A,thorax.size,0.487
A,thorax.size,0.499
A,thorax.size,0.51
A,thorax.size,0.509
A,thorax.size,0.486
A,thorax.size,0.517
A,thorax.size,0.495
A,thorax.size,0.497
A,thorax.size,0.501
A,thorax.size,0.519
A,thorax.size,0.509
A,thorax.size,0.508
A,thorax.size,0.517
A,thorax.size,0.49
A,thorax.size,0.491
A,thorax.size,0.508
A,thorax.size,0.48
A,thorax.size,0.517
A,thorax.size,0.495
A,thorax.size,0.492
A,thorax.size,0.511
A,thorax.size,0.492
A,thorax.size,0.492
A,thorax.size,0.48
A,thorax.size,0.491
A,thorax.size,0.501
A,thorax.size,0.511
A,thorax.size,0.499
A,thorax.size,0.509
A,thorax.size,0.497
A,thorax.size,0.504
A,thorax.size,0.488
A,thorax.size,0.489
A,thorax.size,0.513
A,thorax.size,0.514
A,thorax.size,0.485
A,thorax.size,0.488
A,thorax.size,0.495
A,thorax.size,0.503
A,thorax.size,0.501
A,thorax.size,0.496
B,thorax.size,0.511
B,thorax.size,0.494
B,thorax.size,0.488
B,thorax.size,0.506
B,thorax.size,0.508
B,thorax.size,0.492
B,thorax.size,0.502
B,thorax.size,0.482
B,thorax.size,0.516
B,thorax.size,0.507
B,thorax.size,0.502
B,thorax.size,0.504
B,thorax.size,0.52
B,thorax.size,0.514
B,thorax.size,0.488
B,thorax.size,0.517
B,thorax.size,0.513
B,thorax.size,0.484
B,thorax.size,0.493
B,thorax.size,0.495
B,thorax.size,0.485
B,thorax.size,0.513
B,thorax.size,0.481
B,thorax.size,0.481
B,thorax.size,0.498
B,thorax.size,0.514
B,thorax.size,0.481
B,thorax.size,0.483
B,thorax.size,0.504
B,thorax.size,0.496
B,thorax.size,0.515
B,thorax.size,0.515
B,thorax.size,0.491
B,thorax.size,0.494
B,thorax.size,0.497
B,thorax.size,0.509
B,thorax.size,0.494
B,thorax.size,0.482
B,thorax.size,0.516
B,thorax.size,0.485
B,thorax.size,0.508
B,thorax.size,0.486
B,thorax.size,0.516
B,thorax.size,0.493
B,thorax.size,0.499
B,thorax.size,0.498
B,thorax.size,0.499
B,thorax.size,0.497
B,thorax.size,0.515
B,thorax.size,0.51
A,abdomen.size,0.733
A,abdomen.size,0.774
A,abdomen.size,0.749
A,abdomen.size,0.787
A,abdomen.size,0.728
A,abdomen.size,0.778
A,abdomen.size,0.774
A,abdomen.size,0.722
A,abdomen.size,0.77
A,abdomen.size,0.769
A,abdomen.size,0.785
A,abdomen.size,0.74
A,abdomen.size,0.744
A,abdomen.size,0.77
A,abdomen.size,0.745
A,abdomen.size,0.733
A,abdomen.size,0.786
A,abdomen.size,0.732
A,abdomen.size,0.754
A,abdomen.size,0.752
A,abdomen.size,0.742
A,abdomen.size,0.786
A,abdomen.size,0.763
A,abdomen.size,0.78
A,abdomen.size,0.744
A,abdomen.size,0.737
A,abdomen.size,0.788
A,abdomen.size,0.728
A,abdomen.size,0.736
A,abdomen.size,0.729
A,abdomen.size,0.742
A,abdomen.size,0.766
A,abdomen.size,0.752
A,abdomen.size,0.777
A,abdomen.size,0.736
A,abdomen.size,0.762
A,abdomen.size,0.755
A,abdomen.size,0.754
A,abdomen.size,0.724
A,abdomen.size,0.754
A,abdomen.size,0.739
A,abdomen.size,0.742
A,abdomen.size,0.783
A,abdomen.size,0.759
A,abdomen.size,0.743
A,abdomen.size,0.726
A,abdomen.size,0.757
A,abdomen.size,0.73
A,abdomen.size,0.728
A,abdomen.size,0.788
B,abdomen.size,0.779
B,abdomen.size,0.72
B,abdomen.size,0.725
B,abdomen.size,0.722
B,abdomen.size,0.773
B,abdomen.size,0.724
B,abdomen.size,0.76
B,abdomen.size,0.769
B,abdomen.size,0.754
B,abdomen.size,0.78
B,abdomen.size,0.771
B,abdomen.size,0.752
B,abdomen.size,0.754
B,abdomen.size,0.769
B,abdomen.size,0.775
B,abdomen.size,0.774
B,abdomen.size,0.751
B,abdomen.size,0.738
B,abdomen.size,0.73
B,abdomen.size,0.724
B,abdomen.size,0.78
B,abdomen.size,0.762
B,abdomen.size,0.732
B,abdomen.size,0.722
B,abdomen.size,0.761
B,abdomen.size,0.742
B,abdomen.size,0.771
B,abdomen.size,0.732
B,abdomen.size,0.775
B,abdomen.size,0.757
B,abdomen.size,0.731
B,abdomen.size,0.769
B,abdomen.size,0.729
B,abdomen.size,0.739
B,abdomen.size,0.737
B,abdomen.size,0.738
B,abdomen.size,0.752
B,abdomen.size,0.788
B,abdomen.size,0.73
B,abdomen.size,0.778
B,abdomen.size,0.785
B,abdomen.size,0.728
B,abdomen.size,0.768
B,abdomen.size,0.731
B,abdomen.size,0.787
B,abdomen.size,0.764
B,abdomen.size,0.763
B,abdomen.size,0.747
B,abdomen.size,0.762
B,abdomen.size,0.753
A,wing.span,1.631
A,wing.span,1.619
A,wing.span,1.615
A,wing.span,1.633
A,wing.span,1.637
A,wing.span,1.67
A,wing.span,1.53
A,wing.span,1.561
A,wing.span,1.643
A,wing.span,1.633
A,wing.span,1.622
A,wing.span,1.643
A,wing.span,1.634
A,wing.span,1.594
A,wing.span,1.558
A,wing.span,1.645
A,wing.span,1.609
A,wing.span,1.61
A,wing.span,1.67
A,wing.span,1.574
A,wing.span,1.537
A,wing.span,1.55
A,wing.span,1.606
A,wing.span,1.522
A,wing.span,1.622
A,wing.span,1.615
A,wing.span,1.66
A,wing.span,1.636
A,wing.span,1.61
A,wing.span,1.581
A,wing.span,1.628
A,wing.span,1.562
A,wing.span,1.536
A,wing.span,1.642
A,wing.span,1.597
A,wing.span,1.642
A,wing.span,1.642
A,wing.span,1.656
A,wing.span,1.6
A,wing.span,1.595
A,wing.span,1.589
A,wing.span,1.598
A,wing.span,1.607
A,wing.span,1.57
A,wing.span,1.605
A,wing.span,1.645
A,wing.span,1.535
A,wing.span,1.607
A,wing.span,1.552
A,wing.span,1.622
B,wing.span,1.669
B,wing.span,1.542
B,wing.span,1.543
B,wing.span,1.55
B,wing.span,1.568
B,wing.span,1.555
B,wing.span,1.542
B,wing.span,1.539
B,wing.span,1.597
B,wing.span,1.55
B,wing.span,1.634
B,wing.span,1.525
B,wing.span,1.619
B,wing.span,1.629
B,wing.span,1.585
B,wing.span,1.573
B,wing.span,1.669
B,wing.span,1.601
B,wing.span,1.532
B,wing.span,1.635
B,wing.span,1.574
B,wing.span,1.645
B,wing.span,1.629
B,wing.span,1.633
B,wing.span,1.618
B,wing.span,1.577
B,wing.span,1.621
B,wing.span,1.526
B,wing.span,1.632
B,wing.span,1.605
B,wing.span,1.647
B,wing.span,1.552
B,wing.span,1.642
B,wing.span,1.589
B,wing.span,1.614
B,wing.span,1.658
B,wing.span,1.544
B,wing.span,1.568
B,wing.span,1.553
B,wing.span,1.596
B,wing.span,1.529
B,wing.span,1.549
B,wing.span,1.632
B,wing.span,1.585
B,wing.span,1.632
B,wing.span,1.562
B,wing.span,1.547
B,wing.span,1.586
B,wing.span,1.52
B,wing.span,1.626
A,proboscis.length,0.189
A,proboscis.length,0.178
A,proboscis.length,0.187
A,proboscis.length,0.175
A,proboscis.length,0.184
A,proboscis.length,0.177
A,proboscis.length,0.189
A,proboscis.length,0.182
A,proboscis.length,0.182
A,proboscis.length,0.18
A,proboscis.length,0.178
A,proboscis.length,0.186
A,proboscis.length,0.184
A,proboscis.length,0.188
A,proboscis.length,0.186
A,proboscis.length,0.183
A,proboscis.length,0.175
A,proboscis.length,0.183
A,proboscis.length,0.181
A,proboscis.length,0.182
A,proboscis.length,0.184
A,proboscis.length,0.189
A,proboscis.length,0.18
A,proboscis.length,0.187
A,proboscis.length,0.178
A,proboscis.length,0.187
A,proboscis.length,0.188
A,proboscis.length,0.18
A,proboscis.length,0.185
A,proboscis.length,0.183
A,proboscis.length,0.184
A,proboscis.length,0.178
A,proboscis.length,0.176
A,proboscis.length,0.186
A,proboscis.length,0.176
A,proboscis.length,0.179
A,proboscis.length,0.175
A,proboscis.length,0.175
A,proboscis.length,0.175
A,proboscis.length,0.185
A,proboscis.length,0.181
A,proboscis.length,0.186
A,proboscis.length,0.181
A,proboscis.length,0.188
A,proboscis.length,0.184
A,proboscis.length,0.177
A,proboscis.length,0.183
A,proboscis.length,0.186
A,proboscis.length,0.187
A,proboscis.length,0.178
B,proboscis.length,0.189
B,proboscis.length,0.175
B,proboscis.length,0.183
B,proboscis.length,0.188
B,proboscis.length,0.178
B,proboscis.length,0.18
B,proboscis.length,0.185
B,proboscis.length,0.185
B,proboscis.length,0.181
B,proboscis.length,0.186
B,proboscis.length,0.185
B,proboscis.length,0.187
B,proboscis.length,0.184
B,proboscis.length,0.18
B,proboscis.length,0.183
B,proboscis.length,0.189
B,proboscis.length,0.18
B,proboscis.length,0.179
B,proboscis.length,0.175
B,proboscis.length,0.187
B,proboscis.length,0.188
B,proboscis.length,0.179
B,proboscis.length,0.183
B,proboscis.length,0.179
B,proboscis.length,0.184
B,proboscis.length,0.181
B,proboscis.length,0.181
B,proboscis.length,0.182
B,proboscis.length,0.186
B,proboscis.length,0.175
B,proboscis.length,0.175
B,proboscis.length,0.184
B,proboscis.length,0.176
B,proboscis.length,0.182
B,proboscis.length,0.187
B,proboscis.length,0.182
B,proboscis.length,0.183
B,proboscis.length,0.184
B,proboscis.length,0.175
B,proboscis.length,0.179
B,proboscis.length,0.177
B,proboscis.length,0.176
B,proboscis.length,0.178
B,proboscis.length,0.183
B,proboscis.length,0.175
B,proboscis.length,0.181
B,proboscis.length,0.177
B,proboscis.length,0.186
B,proboscis.length,0.179
B,proboscis.length,0.189