﻿environment,species,between.line.matings
different,d.melanogaster,0.327762674
different,d.melanogaster,0.328436088
different,d.melanogaster,0.383137444
different,d.melanogaster,0.40543751
different,d.pseudoobscura,0.255000418
different,d.pseudoobscura,0.265793877
different,d.pseudoobscura,0.27442697
different,d.pseudoobscura,0.288093943
different,d.pseudoobscura,0.313275891
different,d.pseudoobscura,0.321906893
different,d.pseudoobscura,0.325504015
different,d.pseudoobscura,0.331259411
different,d.pseudoobscura,0.338453656
different,d.pseudoobscura,0.344209051
different,d.pseudoobscura,0.351403296
different,d.pseudoobscura,0.374424879
different,d.pseudoobscura,0.383057972
different,d.pseudoobscura,0.389532792
different,d.pseudoobscura,0.400324159
different,d.pseudoobscura,0.411115526
same,d.pseudoobscura,0.40762088
same,d.pseudoobscura,0.416253974
same,d.pseudoobscura,0.422728794
same,d.pseudoobscura,0.437117283
same,d.pseudoobscura,0.452227288
same,d.pseudoobscura,0.48963736
same,d.pseudoobscura,0.508340305
same,d.pseudoobscura,0.517692822
same,d.pseudoobscura,0.524887067
same,d.pseudoobscura,0.534239585
same,d.pseudoobscura,0.568771959
same,d.pseudoobscura,0.603306425
same,d.melanogaster,0.473757738
same,d.melanogaster,0.485990045