﻿id,drainage,ecotype,assignment,probability
1,Drainage 1,S,S,1
2,Drainage 1,S,S,1
3,Drainage 1,S,S,1
4,Drainage 1,S,S,1
5,Drainage 1,S,S,1
6,Drainage 1,S,S,0.999
7,Drainage 1,S,S,0.999
8,Drainage 1,S,S,0.999
9,Drainage 1,S,S,0.999
10,Drainage 1,S,S,0.999
11,Drainage 1,S,S,0.997
12,Drainage 1,S,S,0.996
13,Drainage 1,S,S,0.995
14,Drainage 1,S,S,0.993
15,Drainage 1,S,S,0.992
16,Drainage 1,S,S,0.99
17,Drainage 1,S,S,0.988
18,Drainage 1,S,S,0.987
19,Drainage 1,S,S,0.986
20,Drainage 1,S,S,0.984
21,Drainage 1,S,S,0.98
22,Drainage 1,S,S,0.978
23,Drainage 1,S,S,0.973
24,Drainage 1,S,S,0.97
25,Drainage 1,S,S,0.964
26,Drainage 1,NS,S,0.025
27,Drainage 1,NS,S,0.023
28,Drainage 1,NS,S,0.022
29,Drainage 1,NS,S,0.018
30,Drainage 1,NS,S,0.017
31,Drainage 1,NS,S,0.017
32,Drainage 1,NS,S,0.016
33,Drainage 1,NS,S,0.014
34,Drainage 1,NS,S,0.013
35,Drainage 1,NS,S,0.013
36,Drainage 1,NS,S,0.013
37,Drainage 1,NS,S,0.013
38,Drainage 1,NS,S,0.013
39,Drainage 1,NS,S,0.013
40,Drainage 1,NS,S,0.012
41,Drainage 1,NS,S,0.012
42,Drainage 1,NS,S,0.01
43,Drainage 1,NS,S,0.008
44,Drainage 1,NS,S,0.007
45,Drainage 1,NS,S,0.007
46,Drainage 1,NS,S,0.007
47,Drainage 1,NS,S,0.007
48,Drainage 1,NS,S,0.007
49,Drainage 1,NS,S,0.007
50,Drainage 1,NS,S,0.004
1,Drainage 2,S,S,0.982
2,Drainage 2,S,S,0.979
3,Drainage 2,S,S,0.977
4,Drainage 2,S,S,0.97
5,Drainage 2,S,S,0.964
6,Drainage 2,S,S,0.96
7,Drainage 2,S,S,0.944
8,Drainage 2,S,S,0.938
9,Drainage 2,S,S,0.928
10,Drainage 2,S,S,0.92
11,Drainage 2,S,S,0.915
12,Drainage 2,S,S,0.911
13,Drainage 2,S,S,0.882
14,Drainage 2,S,S,0.847
15,Drainage 2,S,S,0.843
16,Drainage 2,S,S,0.813
17,Drainage 2,S,S,0.813
18,Drainage 2,S,S,0.759
19,Drainage 2,S,S,0.751
20,Drainage 2,S,S,0.649
21,Drainage 2,S,S,0.599
22,Drainage 2,S,S,0.575
23,Drainage 2,S,S,0.319
24,Drainage 2,S,S,0.247
25,Drainage 2,S,S,0.117
26,Drainage 2,NS,S,0.695
27,Drainage 2,NS,S,0.232
28,Drainage 2,NS,S,0.115
29,Drainage 2,NS,S,0.111
30,Drainage 2,NS,S,0.11
31,Drainage 2,NS,S,0.099
32,Drainage 2,NS,S,0.092
33,Drainage 2,NS,S,0.089
34,Drainage 2,NS,S,0.075
35,Drainage 2,NS,S,0.067
36,Drainage 2,NS,S,0.065
37,Drainage 2,NS,S,0.062
38,Drainage 2,NS,S,0.061
39,Drainage 2,NS,S,0.054
40,Drainage 2,NS,S,0.053
41,Drainage 2,NS,S,0.052
42,Drainage 2,NS,S,0.049
43,Drainage 2,NS,S,0.045
44,Drainage 2,NS,S,0.044
45,Drainage 2,NS,S,0.043
46,Drainage 2,NS,S,0.04
47,Drainage 2,NS,S,0.039
48,Drainage 2,NS,S,0.036
49,Drainage 2,NS,S,0.034
50,Drainage 2,NS,S,0.034
1,Drainage 3,S,S,1
2,Drainage 3,S,S,1
3,Drainage 3,S,S,1
4,Drainage 3,S,S,1
5,Drainage 3,S,S,1
6,Drainage 3,S,S,1
7,Drainage 3,S,S,1
8,Drainage 3,S,S,1
9,Drainage 3,S,S,1
10,Drainage 3,S,S,1
11,Drainage 3,S,S,1
12,Drainage 3,S,S,1
13,Drainage 3,S,S,1
14,Drainage 3,S,S,1
15,Drainage 3,S,S,0.998
16,Drainage 3,S,S,0.998
17,Drainage 3,S,S,0.998
18,Drainage 3,S,S,0.998
19,Drainage 3,S,S,0.998
20,Drainage 3,S,S,0.998
21,Drainage 3,S,S,0.993
22,Drainage 3,S,S,0.991
23,Drainage 3,S,S,0.987
24,Drainage 3,S,S,0.987
25,Drainage 3,S,S,0.984
26,Drainage 3,NS,S,0.064
27,Drainage 3,NS,S,0.062
28,Drainage 3,NS,S,0.035
29,Drainage 3,NS,S,0.027
30,Drainage 3,NS,S,0.025
31,Drainage 3,NS,S,0.024
32,Drainage 3,NS,S,0.024
33,Drainage 3,NS,S,0.022
34,Drainage 3,NS,S,0.02
35,Drainage 3,NS,S,0.018
36,Drainage 3,NS,S,0.015
37,Drainage 3,NS,S,0.005
38,Drainage 3,NS,S,0.005
39,Drainage 3,NS,S,0.004
40,Drainage 3,NS,S,0.004
41,Drainage 3,NS,S,0.004
42,Drainage 3,NS,S,0.002
43,Drainage 3,NS,S,0.002
44,Drainage 3,NS,S,0.002
45,Drainage 3,NS,S,0.002
46,Drainage 3,NS,S,0.002
47,Drainage 3,NS,S,0.002
48,Drainage 3,NS,S,0
49,Drainage 3,NS,S,0
50,Drainage 3,NS,S,0
1,Drainage 1,S,NS,0
2,Drainage 1,S,NS,0
3,Drainage 1,S,NS,0
4,Drainage 1,S,NS,0
5,Drainage 1,S,NS,0
6,Drainage 1,S,NS,0.001
7,Drainage 1,S,NS,0.001
8,Drainage 1,S,NS,0.001
9,Drainage 1,S,NS,0.001
10,Drainage 1,S,NS,0.001
11,Drainage 1,S,NS,0.003
12,Drainage 1,S,NS,0.004
13,Drainage 1,S,NS,0.005
14,Drainage 1,S,NS,0.007
15,Drainage 1,S,NS,0.008
16,Drainage 1,S,NS,0.01
17,Drainage 1,S,NS,0.012
18,Drainage 1,S,NS,0.013
19,Drainage 1,S,NS,0.014
20,Drainage 1,S,NS,0.016
21,Drainage 1,S,NS,0.02
22,Drainage 1,S,NS,0.022
23,Drainage 1,S,NS,0.027
24,Drainage 1,S,NS,0.03
25,Drainage 1,S,NS,0.036
26,Drainage 1,NS,NS,0.975
27,Drainage 1,NS,NS,0.977
28,Drainage 1,NS,NS,0.978
29,Drainage 1,NS,NS,0.982
30,Drainage 1,NS,NS,0.983
31,Drainage 1,NS,NS,0.983
32,Drainage 1,NS,NS,0.984
33,Drainage 1,NS,NS,0.986
34,Drainage 1,NS,NS,0.987
35,Drainage 1,NS,NS,0.987
36,Drainage 1,NS,NS,0.987
37,Drainage 1,NS,NS,0.987
38,Drainage 1,NS,NS,0.987
39,Drainage 1,NS,NS,0.987
40,Drainage 1,NS,NS,0.988
41,Drainage 1,NS,NS,0.988
42,Drainage 1,NS,NS,0.99
43,Drainage 1,NS,NS,0.992
44,Drainage 1,NS,NS,0.993
45,Drainage 1,NS,NS,0.993
46,Drainage 1,NS,NS,0.993
47,Drainage 1,NS,NS,0.993
48,Drainage 1,NS,NS,0.993
49,Drainage 1,NS,NS,0.993
50,Drainage 1,NS,NS,0.996
1,Drainage 2,S,NS,0.018
2,Drainage 2,S,NS,0.021
3,Drainage 2,S,NS,0.023
4,Drainage 2,S,NS,0.03
5,Drainage 2,S,NS,0.036
6,Drainage 2,S,NS,0.04
7,Drainage 2,S,NS,0.056
8,Drainage 2,S,NS,0.062
9,Drainage 2,S,NS,0.072
10,Drainage 2,S,NS,0.08
11,Drainage 2,S,NS,0.085
12,Drainage 2,S,NS,0.089
13,Drainage 2,S,NS,0.118
14,Drainage 2,S,NS,0.153
15,Drainage 2,S,NS,0.157
16,Drainage 2,S,NS,0.187
17,Drainage 2,S,NS,0.187
18,Drainage 2,S,NS,0.241
19,Drainage 2,S,NS,0.249
20,Drainage 2,S,NS,0.351
21,Drainage 2,S,NS,0.401
22,Drainage 2,S,NS,0.425
23,Drainage 2,S,NS,0.681
24,Drainage 2,S,NS,0.753
25,Drainage 2,S,NS,0.883
26,Drainage 2,NS,NS,0.305
27,Drainage 2,NS,NS,0.768
28,Drainage 2,NS,NS,0.885
29,Drainage 2,NS,NS,0.889
30,Drainage 2,NS,NS,0.89
31,Drainage 2,NS,NS,0.901
32,Drainage 2,NS,NS,0.908
33,Drainage 2,NS,NS,0.911
34,Drainage 2,NS,NS,0.925
35,Drainage 2,NS,NS,0.933
36,Drainage 2,NS,NS,0.935
37,Drainage 2,NS,NS,0.938
38,Drainage 2,NS,NS,0.939
39,Drainage 2,NS,NS,0.946
40,Drainage 2,NS,NS,0.947
41,Drainage 2,NS,NS,0.948
42,Drainage 2,NS,NS,0.951
43,Drainage 2,NS,NS,0.955
44,Drainage 2,NS,NS,0.956
45,Drainage 2,NS,NS,0.957
46,Drainage 2,NS,NS,0.96
47,Drainage 2,NS,NS,0.961
48,Drainage 2,NS,NS,0.964
49,Drainage 2,NS,NS,0.966
50,Drainage 2,NS,NS,0.966
1,Drainage 3,S,NS,0
2,Drainage 3,S,NS,0
3,Drainage 3,S,NS,0
4,Drainage 3,S,NS,0
5,Drainage 3,S,NS,0
6,Drainage 3,S,NS,0
7,Drainage 3,S,NS,0
8,Drainage 3,S,NS,0
9,Drainage 3,S,NS,0
10,Drainage 3,S,NS,0
11,Drainage 3,S,NS,0
12,Drainage 3,S,NS,0
13,Drainage 3,S,NS,0
14,Drainage 3,S,NS,0
15,Drainage 3,S,NS,0.002
16,Drainage 3,S,NS,0.002
17,Drainage 3,S,NS,0.002
18,Drainage 3,S,NS,0.002
19,Drainage 3,S,NS,0.002
20,Drainage 3,S,NS,0.002
21,Drainage 3,S,NS,0.007
22,Drainage 3,S,NS,0.009
23,Drainage 3,S,NS,0.013
24,Drainage 3,S,NS,0.013
25,Drainage 3,S,NS,0.016
26,Drainage 3,NS,NS,0.936
27,Drainage 3,NS,NS,0.938
28,Drainage 3,NS,NS,0.965
29,Drainage 3,NS,NS,0.973
30,Drainage 3,NS,NS,0.975
31,Drainage 3,NS,NS,0.976
32,Drainage 3,NS,NS,0.976
33,Drainage 3,NS,NS,0.978
34,Drainage 3,NS,NS,0.98
35,Drainage 3,NS,NS,0.982
36,Drainage 3,NS,NS,0.985
37,Drainage 3,NS,NS,0.995
38,Drainage 3,NS,NS,0.995
39,Drainage 3,NS,NS,0.996
40,Drainage 3,NS,NS,0.996
41,Drainage 3,NS,NS,0.996
42,Drainage 3,NS,NS,0.998
43,Drainage 3,NS,NS,0.998
44,Drainage 3,NS,NS,0.998
45,Drainage 3,NS,NS,0.998
46,Drainage 3,NS,NS,0.998
47,Drainage 3,NS,NS,0.998
48,Drainage 3,NS,NS,1
49,Drainage 3,NS,NS,1
50,Drainage 3,NS,NS,1