﻿species.pair,genetic.distance,premating.isolation
sympatric,0.003,0.224
sympatric,0.457,0.304
sympatric,0.182,0.687
sympatric,0.212,0.731
sympatric,0.027,0.819
sympatric,0.106,0.832
sympatric,0.150,0.827
sympatric,0.185,0.821
sympatric,0.303,0.843
sympatric,0.644,0.854
sympatric,0.746,0.882
sympatric,1.049,0.922
sympatric,1.177,0.832
sympatric,0.653,0.989
sympatric,0.620,0.925
sympatric,0.568,0.992
sympatric,0.475,0.967
sympatric,0.412,0.953
sympatric,0.404,0.980
sympatric,0.331,0.997
sympatric,0.172,0.994
sympatric,0.188,0.944
sympatric,0.224,0.893
sympatric,0.090,0.888
sympatric,0.027,0.986
allopatric,0.097,0.022
allopatric,0.533,0.001
allopatric,0.039,0.125
allopatric,0.125,0.179
allopatric,0.244,0.190
allopatric,0.181,0.208
allopatric,0.203,0.279
allopatric,0.442,0.431
allopatric,0.286,0.484
allopatric,0.150,0.557
allopatric,0.819,0.797
allopatric,0.958,0.906
allopatric,1.064,0.925
allopatric,1.108,0.959
allopatric,1.889,0.968