﻿drainage,ecotype,loe
Drainage 1,NS,875
Drainage 1,NS,590
Drainage 1,NS,404
Drainage 1,NS,451
Drainage 1,NS,510
Drainage 1,NS,521
Drainage 1,NS,453
Drainage 1,NS,480
Drainage 1,NS,755
Drainage 1,NS,410
Drainage 1,NS,581
Drainage 1,NS,464
Drainage 1,NS,590
Drainage 1,NS,473
Drainage 1,NS,446
Drainage 1,NS,760
Drainage 1,NS,460
Drainage 1,NS,426
Drainage 1,NS,468
Drainage 1,NS,684
Drainage 1,S,1800
Drainage 1,S,1800
Drainage 1,S,1800
Drainage 1,S,1388
Drainage 1,S,1622
Drainage 1,S,1694
Drainage 1,S,1431
Drainage 1,S,1399
Drainage 1,S,1270
Drainage 1,S,1304
Drainage 1,S,1305
Drainage 1,S,1800
Drainage 1,S,1359
Drainage 1,S,1520
Drainage 1,S,1800
Drainage 1,S,1671
Drainage 1,S,1623
Drainage 1,S,1449
Drainage 1,S,1800
Drainage 1,S,1051
Drainage 1,S,1137
Drainage 1,S,1011
Drainage 1,S,1603
Drainage 1,S,1403
Drainage 1,S,1767
Drainage 1,S,1596
Drainage 2,NS,313
Drainage 2,NS,844
Drainage 2,NS,470
Drainage 2,NS,460
Drainage 2,NS,885
Drainage 2,NS,490
Drainage 2,NS,489
Drainage 2,NS,567
Drainage 2,NS,655
Drainage 2,NS,842
Drainage 2,NS,506
Drainage 2,NS,460
Drainage 2,NS,568
Drainage 2,NS,535
Drainage 2,NS,366
Drainage 2,NS,1442
Drainage 2,NS,855
Drainage 2,NS,872
Drainage 2,NS,327
Drainage 2,NS,491
Drainage 2,S,1800
Drainage 2,S,1800
Drainage 2,S,1800
Drainage 2,S,1800
Drainage 2,S,877
Drainage 2,S,943
Drainage 2,S,1560
Drainage 2,S,1800
Drainage 2,S,1800
Drainage 2,S,1800
Drainage 2,S,1800
Drainage 2,S,1800
Drainage 2,S,1800
Drainage 2,S,1477
Drainage 2,S,1800
Drainage 2,S,1462
Drainage 2,S,1800
Drainage 2,S,1800
Drainage 2,S,1746
Drainage 3,NS,519
Drainage 3,NS,506
Drainage 3,NS,590
Drainage 3,NS,543
Drainage 3,NS,502
Drainage 3,NS,417
Drainage 3,NS,590
Drainage 3,NS,538
Drainage 3,NS,365
Drainage 3,NS,420
Drainage 3,NS,459
Drainage 3,NS,584
Drainage 3,NS,491
Drainage 3,NS,525
Drainage 3,NS,545
Drainage 3,NS,512
Drainage 3,NS,639
Drainage 3,NS,550
Drainage 3,NS,543
Drainage 3,NS,652
Drainage 3,NS,414
Drainage 3,NS,502
Drainage 3,NS,497
Drainage 3,NS,446
Drainage 3,S,1800
Drainage 3,S,1800
Drainage 3,S,1800
Drainage 3,S,1800
Drainage 3,S,1800
Drainage 3,S,1800
Drainage 3,S,1573
Drainage 3,S,1573
Drainage 3,S,709
Drainage 3,S,1130
Drainage 3,S,1800
Drainage 3,S,1800
Drainage 3,S,1800
Drainage 3,S,1800
Drainage 3,S,1800
Drainage 3,S,1800
Drainage 3,S,1800
Drainage 3,S,1800
Drainage 3,S,1757
Drainage 3,S,1895
Drainage 3,S,1654
Drainage 3,S,1800
Drainage 3,S,1800
Drainage 3,S,1800
Drainage 3,S,1800
Drainage 3,S,1800
Drainage 3,S,1646
Drainage 3,S,1800
Drainage 3,S,1800
Drainage 3,S,1800
Drainage 3,S,1777
Drainage 3,S,1672
Drainage 3,S,1232