﻿population,allele,frequency
Middle Eastern,A04,0
Middle Eastern,A05,0.336
Middle Eastern,A06,0.317
Middle Eastern,A07,0
Middle Eastern,A08,0.005
Middle Eastern,A09,0
Middle Eastern,A10,0.238
Middle Eastern,A11,0.044
Middle Eastern,A12,0.036
Middle Eastern,A13,0.025
Middle Eastern,A14,0
Middle Eastern,A15,0
NE African,A04,0.031
NE African,A05,0.281
NE African,A06,0.164
NE African,A07,0.011
NE African,A08,0.005
NE African,A09,0.035
NE African,A10,0.268
NE African,A11,0.109
NE African,A12,0.06
NE African,A13,0.008
NE African,A14,0.027
NE African,A15,0.04
New World,A04,0
New World,A05,0.552
New World,A06,0.021
New World,A07,0
New World,A08,0
New World,A09,0
New World,A10,0.421
New World,A11,0.006
New World,A12,0
New World,A13,0
New World,A14,0
New World,A15,0
Pacific Islanders,A04,0
Pacific Islanders,A05,0.724
Pacific Islanders,A06,0.021
Pacific Islanders,A07,0
Pacific Islanders,A08,0
Pacific Islanders,A09,0.014
Pacific Islanders,A10,0.227
Pacific Islanders,A11,0.014
Pacific Islanders,A12,0
Pacific Islanders,A13,0
Pacific Islanders,A14,0
Pacific Islanders,A15,0
Asian,A04,0
Asian,A05,0.577
Asian,A06,0.05
Asian,A07,0.008
Asian,A08,0.008
Asian,A09,0.009
Asian,A10,0.307
Asian,A11,0.028
Asian,A12,0.009
Asian,A13,0.001
Asian,A14,0.001
Asian,A15,0.001
European,A04,0
European,A05,0.358
European,A06,0.284
European,A07,0.005
European,A08,0
European,A09,0.009
European,A10,0.289
European,A11,0.036
European,A12,0.019
European,A13,0
European,A14,0
European,A15,0