﻿experiment,replicate,generation,hx546.frequency
one,A,0,0.1
one,A,1,0.16
one,A,2,0.24
one,A,3,0.2
one,A,4,0.2
one,A,5,0.22
one,A,6,0.24
one,A,7,0.23
one,A,8,0.37
one,A,9,0.21
one,A,10,0.31
one,B,0,0.1
one,B,1,0.12
one,B,2,0.21
one,B,3,0.1
one,B,4,0.24
one,B,5,0.17
one,B,6,0.26
one,B,7,0.2
one,B,8,0.27
one,B,9,0.16
one,B,10,0.22
one,C,0,0.5
one,C,1,0.44
one,C,2,0.43
one,C,3,0.41
one,C,4,0.54
one,C,5,0.48
one,C,6,0.49
one,C,7,0.41
one,C,8,0.4
one,C,9,0.4
one,C,10,0.44
one,D,0,0.5
one,D,1,0.74
one,D,2,0.55
one,D,3,0.59
one,D,4,0.79
one,D,5,0.72
one,D,6,0.59
one,D,7,0.53
one,D,8,0.57
one,D,9,0.67
one,D,10,0.75
one,E,0,0.9
one,E,1,0.9
one,E,2,0.9
one,E,3,0.88
one,E,4,0.92
one,E,5,0.84
one,E,6,0.96
one,E,7,0.93
one,E,8,0.96
one,E,9,0.96
one,E,10,0.93
one,F,0,0.9
one,F,1,0.95
one,F,2,0.86
one,F,3,0.93
one,F,4,0.97
one,F,5,0.94
one,F,6,0.95
one,F,7,0.92
one,F,8,0.94
one,F,9,0.88
one,F,10,0.94
two,G,0,0.5
two,G,4,0.64
two,G,6,0.26
two,G,8,0.22
two,G,10,0.16
two,G,12,0.14
two,H,0,0.5
two,H,4,0.39
two,H,6,0.15
two,H,8,0.1
two,H,10,0.12
two,H,12,0.08
two,I,0,0.5
two,I,4,0.3
two,I,6,0.19
two,I,8,0.23
two,I,10,0.09
two,I,12,0.06
two,J,0,0.5
two,J,4,0.28
two,J,6,0.09
two,J,8,0.04
two,J,10,0.02
two,J,12,0.03
two,K,0,0.5
two,K,4,0.27
two,K,6,0.1
two,K,8,0.07
two,K,10,0
two,K,12,0.01