﻿replicate,treatment,time,cummulative.survival
A,Monogamy female,0,1.00
A,Monogamy female,2,1.00
A,Monogamy female,4,1.00
A,Monogamy female,6,1.00
A,Monogamy female,7,1.00
A,Monogamy female,8,1.00
A,Monogamy female,9,1.00
A,Monogamy female,11,1.00
A,Monogamy female,13,1.00
A,Monogamy female,14,1.00
A,Monogamy female,15,1.00
A,Monogamy female,16,0.99
A,Monogamy female,18,0.98
A,Monogamy female,20,0.98
A,Monogamy female,21,0.97
A,Monogamy female,22,0.96
A,Monogamy female,23,0.96
A,Monogamy female,25,0.95
A,Monogamy female,26,0.91
A,Monogamy female,28,0.86
A,Monogamy female,29,0.85
A,Monogamy female,31,0.85
A,Monogamy female,33,0.82
A,Monogamy female,35,0.75
A,Monogamy female,37,0.69
A,Monogamy female,39,0.67
A,Monogamy female,41,0.65
A,Monogamy female,43,0.64
A,Monogamy female,45,0.49
A,Control female,0,1.00
A,Control female,2,1.00
A,Control female,4,1.00
A,Control female,6,1.00
A,Control female,7,1.00
A,Control female,8,1.00
A,Control female,9,1.00
A,Control female,11,1.00
A,Control female,13,1.00
A,Control female,14,0.99
A,Control female,15,0.99
A,Control female,16,0.99
A,Control female,18,0.98
A,Control female,20,0.97
A,Control female,21,0.97
A,Control female,22,0.96
A,Control female,23,0.96
A,Control female,25,0.95
A,Control female,26,0.93
A,Control female,28,0.93
A,Control female,29,0.93
A,Control female,31,0.92
A,Control female,33,0.90
A,Control female,35,0.89
A,Control female,37,0.88
A,Control female,39,0.87
A,Control female,41,0.86
A,Control female,43,0.84
A,Control female,45,0.74
B,Control female,0,1.00
B,Control female,2,1.00
B,Control female,4,1.00
B,Control female,6,1.00
B,Control female,7,1.00
B,Control female,8,1.00
B,Control female,9,1.00
B,Control female,11,0.98
B,Control female,13,0.97
B,Control female,14,0.97
B,Control female,15,0.97
B,Control female,16,0.96
B,Control female,18,0.94
B,Control female,20,0.94
B,Control female,22,0.93
B,Control female,23,0.93
B,Control female,25,0.93
B,Control female,28,0.89
B,Control female,29,0.89
B,Control female,31,0.88
B,Control female,33,0.88
B,Control female,35,0.88
B,Control female,37,0.86
B,Control female,39,0.85
B,Control female,41,0.82
B,Control female,43,0.78
B,Control female,45,0.76
B,Monogamy female,0,1.00
B,Monogamy female,2,1.00
B,Monogamy female,4,1.00
B,Monogamy female,6,0.99
B,Monogamy female,7,0.98
B,Monogamy female,8,0.98
B,Monogamy female,9,0.98
B,Monogamy female,11,0.98
B,Monogamy female,13,0.97
B,Monogamy female,14,0.96
B,Monogamy female,15,0.96
B,Monogamy female,16,0.95
B,Monogamy female,18,0.94
B,Monogamy female,20,0.93
B,Monogamy female,21,0.93
B,Monogamy female,22,0.92
B,Monogamy female,23,0.91
B,Monogamy female,25,0.91
B,Monogamy female,26,0.86
B,Monogamy female,28,0.82
B,Monogamy female,29,0.80
B,Monogamy female,31,0.80
B,Monogamy female,33,0.78
B,Monogamy female,35,0.74
B,Monogamy female,37,0.68
B,Monogamy female,39,0.66
B,Monogamy female,41,0.64
B,Monogamy female,43,0.62
B,Monogamy female,46,0.52