﻿sex,size.class,frequency
Female,110,0.024
Female,120,0.034
Female,130,0.033
Female,140,0.018
Female,150,0.039
Female,160,0.055
Female,170,0.104
Female,180,0.178
Female,190,0.145
Female,200,0.229
Female,210,0.115
Female,220,0.025
Male,110,0.042
Male,120,0.012
Male,130,0.022
Male,140,0.067
Male,150,0.042
Male,160,0.047
Male,170,0.059
Male,180,0.094
Male,190,0.081
Male,200,0.064
Male,210,0.089
Male,220,0.030
Male,230,0.054
Male,240,0.071
Male,250,0.136
Male,260,0.062
Male,270,0.013
Male,280,0.015