﻿response.variable,treatment,replicate,relative.value
Reproductive rate,Monogramy males,A,1.081859029
Reproductive rate,Monogramy males,B,1.075741049
Reproductive rate,Control males,A,1.013241721
Reproductive rate,Control males,B,0.984587506
Survival,Monogramy males,A,1.162153016
Survival,Monogramy males,B,1.253325518
Survival,Control males,A,1.011069051
Survival,Control males,B,0.98328125
Fecundity,Monogramy males,A,1.054050373
Fecundity,Monogramy males,B,1.002822006
Fecundity,Control males,A,1.032342635
Fecundity,Control males,B,0.969822452