﻿background,strain,generation,sensitive.resistant
unevolved,A,0,1.530897978
unevolved,A,0,1.029501038
unevolved,A,8,8.058427629
unevolved,A,8,6.608071133
unevolved,A,16,95.45248061
unevolved,A,16,62.10193873
unevolved,A,25,281.8896003
unevolved,A,25,223.6437281
unevolved,A,34,1102.850058
unevolved,A,34,515.4571144
unevolved,B,0,0.901813426
unevolved,B,0,0.497266118
unevolved,B,8,2.77617627
unevolved,B,8,0.407767798
unevolved,B,16,4.128563064
unevolved,B,16,1.635477314
unevolved,B,25,12.09442646
unevolved,B,25,7.008118493
unevolved,B,34,33.71534811
unevolved,B,34,23.82427803
evolved,A,0,166.7275265
evolved,A,0,34.16215699
evolved,A,8,10.04395117
evolved,A,8,5.766970124
evolved,A,16,2.859626023
evolved,A,16,1.036802925
evolved,A,25,0.460129115
evolved,A,25,0.146954105
evolved,B,0,101.9974216
evolved,B,0,66.48061608
evolved,B,8,7.550833886
evolved,B,16,1.357511222
evolved,B,25,0.673162306