﻿pathogen,study,age-l,age-h,ifr
covid-19,Belgium,0,24,0.005
covid-19,Belgium,25,44,0.017
covid-19,Belgium,45,64,0.21
covid-19,Belgium,65,74,2.24
covid-19,Belgium,75,84,4.29
covid-19,Belgium,85,99,11.77
covid-19,CDC,0,19,0.003
covid-19,CDC,20,49,0.02
covid-19,CDC,50,69,0.5
covid-19,CDC,70,99,5.4
covid-19,England,15,44,0.03
covid-19,England,45,64,0.52
covid-19,England,65,74,3.87
covid-19,England,75,99,18.71
covid-19,France,0,19,0.001
covid-19,France,20,29,0.005
covid-19,France,30,39,0.02
covid-19,France,40,49,0.05
covid-19,France,50,59,0.2
covid-19,France,60,69,0.7
covid-19,France,70,79,1.9
covid-19,France,80,99,8.3
covid-19,Iceland,0,70,0.1
covid-19,Iceland,71,80,2.4
covid-19,Iceland,81,99,11.2
covid-19,Multiple countries,0,4,0.002
covid-19,Multiple countries,15,19,0.002
covid-19,Multiple countries,20,24,0.004
covid-19,Multiple countries,25,29,0.009
covid-19,Multiple countries,30,34,0.017
covid-19,Multiple countries,35,39,0.029
covid-19,Multiple countries,40,44,0.053
covid-19,Multiple countries,45,49,0.086
covid-19,Multiple countries,50,54,0.154
covid-19,Multiple countries,55,59,0.241
covid-19,Multiple countries,60,64,0.359
covid-19,Multiple countries,65,69,0.643
covid-19,Multiple countries,70,74,1.076
covid-19,Multiple countries,75,79,2.276
covid-19,Multiple countries,80,99,7.274
covid-19,Multiple countries 2,15,44,0.03
covid-19,Multiple countries 2,45,64,0.52
covid-19,Multiple countries 2,65,74,3.87
covid-19,Multiple countries 2,75,99,18.71
covid-19,Multiple countries 3,0,9,0.00161
covid-19,Multiple countries 3,10,19,0.00695
covid-19,Multiple countries 3,20,29,0.0309
covid-19,Multiple countries 3,30,39,0.0844
covid-19,Multiple countries 3,40,49,0.161
covid-19,Multiple countries 3,50,59,0.595
covid-19,Multiple countries 3,60,69,1.93
covid-19,Multiple countries 3,70,79,4.28
covid-19,Multiple countries 3,80,99,7.8
covid-19,Multiple countries 4,0,34,0.004
covid-19,Multiple countries 4,35,44,0.06
covid-19,Multiple countries 4,45,54,0.2
covid-19,Multiple countries 4,55,64,0.7
covid-19,Multiple countries 4,65,74,2.3
covid-19,Multiple countries 4,75,84,7.6
covid-19,Multiple countries 4,85,99,22.3
covid-19,Multiple countries 5,5,9,0.0016
covid-19,Multiple countries 5,10,19,0.00032
covid-19,Multiple countries 5,20,49,0.0092
covid-19,Multiple countries 5,50,64,0.14
covid-19,Multiple countries 5,65,99,5.6
covid-19,Multiple countries 6,20,39,0.08
covid-19,Multiple countries 6,40,59,0.24
covid-19,Multiple countries 6,60,99,4.63
covid-19,Multiple countries 7,50,59,0.46
covid-19,Multiple countries 7,60,69,1.42
covid-19,Multiple countries 7,70,79,6.87
covid-19,Multiple countries 7,80,99,18.35
covid-19,NYC,0,24,0.0005
covid-19,NYC,25,44,0.017
covid-19,NYC,45,64,0.21
covid-19,NYC,65,74,2.24
covid-19,NYC,75,84,4.29
covid-19,NYC,85,99,11.77
covid-19,Spain,0,9,0.003
covid-19,Spain,10,19,0.004
covid-19,Spain,20,29,0.015
covid-19,Spain,30,39,0.03
covid-19,Spain,40,49,0.064
covid-19,Spain,50,59,0.213
covid-19,Spain,60,69,0.718
covid-19,Spain,70,79,2.384
covid-19,Spain,80,89,8.466
covid-19,Spain,90,99,12.497
covid-19,Sweden,0,49,0.01
covid-19,Sweden,50,59,0.27
covid-19,Sweden,60,69,0.45
covid-19,Sweden,70,79,1.92
covid-19,Sweden,80,89,7.2
covid-19,Sweden,90,99,16.21
flu,CDC-2015,0,4,0.007099398
flu,CDC-2015,5,17,0.00366328
flu,CDC-2015,18,49,0.006581101
flu,CDC-2015,50,64,0.0377346
flu,CDC-2015,65,99,0.550538816
flu,CDC-2016,0,4,0.004714669
flu,CDC-2016,5,17,0.001222143
flu,CDC-2016,18,49,0.010735654
flu,CDC-2016,50,64,0.028376106
flu,CDC-2016,65,99,0.713369491
flu,CDC-2017,0,4,0.003042561
flu,CDC-2017,5,17,0.001113977
flu,CDC-2017,18,49,0.008446051
flu,CDC-2017,50,64,0.02918161
flu,CDC-2017,65,99,0.517770389
flu,CDC-2018,0,4,0.001797685
flu,CDC-2018,5,17,0.00404121
flu,CDC-2018,18,49,0.011170763
flu,CDC-2018,50,64,0.0293235
flu,CDC-2018,65,99,0.492276338
flu,CDC-2019,0,4,0.004209899
flu,CDC-2019,5,17,0.001583193
flu,CDC-2019,18,49,0.011825115
flu,CDC-2019,50,64,0.03532893
flu,CDC-2019,65,99,0.478133408
flu,CDC-2020,0,4,0.003403099
flu,CDC-2020,5,17,0.001260004
flu,CDC-2020,18,49,0.01001373
flu,CDC-2020,50,64,0.035066882
flu,CDC-2020,65,99,0.403973515